USE TigerTravelDB;

INSERT INTO member (mem_account, mem_name, mem_password, mem_email, mem_phone, mem_address, mem_status, create_time)
VALUES
('user01', '葛佳慧', '3b!7bE%n', 'user01@example.com', '0923561886', '705 新竹縣關渡路3號7樓', 1, '2025-05-26 18:00:34'),
('user02', '邱淑惠', '71&8qI$m', 'user02@example.com', '0940669921', '58884 太保縣小碧潭巷950號之3', 1, '2025-03-03 15:50:01'),
('user03', '趙詩婷', '$X!E86Ya', 'user03@example.com', '0983358956', '737 嘉義大同街81號6樓', 1, '2025-03-15 18:00:59'),
('user04', '歐威廷', 'z&)9AK!x', 'user04@example.com', '0956491110', '158 新營縣博愛街444號之8', 1, '2025-03-23 14:58:53'),
('user05', '蔡瑋婷', '&0QGfaZ%', 'user05@example.com', '0987148024', '918 金門市四維街6段2號之8', 1, '2025-01-06 14:13:12'),
('user06', '陳怡萱', '+14mkHuz', 'user06@example.com', '0998935645', '637 屏東光明路8段17號0樓', 1, '2025-03-22 02:04:25'),
('user07', '吳冠廷', 'G!3FG_b)', 'user07@example.com', '0954149206', '110 中壢公園路8段50號之3', 1, '2025-05-19 00:00:24'),
('user08', '康志宏', '_pgM7KXl', 'user08@example.com', '0922566482', '703 中壢縣興巷2號7樓', 1, '2025-06-15 18:47:12'),
('user09', '洪佳穎', 'q5u8xK!#', 'user09@example.com', '0977889076', '634 桃園市大新路21號', 1, '2025-04-14 10:20:30'),
('user10', '詹雅文', 'nA2jR!^T', 'user10@example.com', '0938004232', '800 高雄市五福四路90號', 1, '2025-05-07 06:55:18'),
('user11', '謝承恩', 'uEY&n4!K', 'user11@example.com', '0910001123', '235 新北市中和區員山路88號', 1, '2025-02-28 21:42:39'),
('user12', '鄧彥廷', 'HZg2#ep9', 'user12@example.com', '0966887788', '412 台中市大里區東榮路66號', 1, '2025-05-10 12:30:45'),
('user13', '張宜君', 'U9n#57pX', 'user13@example.com', '0945112354', '320 桃園市中壢區新興路10號', 1, '2025-03-16 09:47:21'),
('user14', '林孟潔', '2%pKqMe8', 'user14@example.com', '0933887744', '100 台北市中正區忠孝東路3段22號', 1, '2025-01-22 11:10:13'),
('user15', '黃俊維', 'wI@uPk2X', 'user15@example.com', '0982123456', '600 嘉義市文化路50號', 1, '2025-06-06 15:55:00'),
('user16', '簡怡廷', 'Xz!4hfU#', 'user16@example.com', '0966111899', '403 台中市西區中美街99號', 1, '2025-02-13 07:22:10'),
('user17', '李姿穎', '9pL@kWu2', 'user17@example.com', '0927554422', '540 南投縣草屯鎮中正路55號', 0, '2025-04-01 16:14:39'),
('user18', '曾子豪', '5!vUzM9r', 'user18@example.com', '0935338855', '970 花蓮縣花蓮市中華路10號', 1, '2025-06-08 20:08:02'),
('user19', '莊柏毅', '7pKzS@Y3', 'user19@example.com', '0917888822', '260 宜蘭縣宜蘭市東港路8號', 1, '2025-04-17 04:33:18'),
('user20', '鄭采儀', 'M&7wLpv1', 'user20@example.com', '0955111988', '108 台北市萬華區成都路99號', 1, '2025-06-01 09:11:11'),
('user21', '賴昱廷', 'Kq!28L@v', 'user21@example.com', '0910111666', '350 苗栗縣竹南鎮新興街19號', 1, '2025-05-29 22:47:38'),
('user22', '方雅鈞', 'Za&88jXv', 'user22@example.com', '0922997744', '880 澎湖縣馬公市中央街30號', 1, '2025-02-21 13:26:00'),
('user23', '王品妤', 'bP%jX4U2', 'user23@example.com', '0933661299', '220 新北市板橋區實踐路200號', 1, '2025-03-05 06:39:59'),
('user24', '陳映潔', 'yC!07JpU', 'user24@example.com', '0952112345', '970 花蓮縣吉安鄉建國路108號', 1, '2025-01-12 19:18:45'),
('user25', '張志豪', 'N&51pLk9', 'user25@example.com', '0927881144', '100 台北市信義區松仁路45號', 1, '2025-06-21 01:50:30'),
('user26', '邱怡萱', 'zpM@5rKu', 'user26@example.com', '0968335566', '540 南投市南崗路88號', 1, '2025-05-02 03:04:07'),
('user27', '涂信宏', 'LkU@88Np', 'user27@example.com', '0988123488', '700 台南市北區成功路5號', 1, '2025-04-05 17:37:44'),
('user28', '高嘉欣', '81R!xyMZ', 'user28@example.com', '0977884422', '330 桃園市桃園區中山路100號', 0, '2025-02-18 08:33:33'),
('user29', '彭柏宇', 'ZmV7!pg2', 'user29@example.com', '0999887766', '880 澎湖縣西嶼鄉海岸路9號', 1, '2025-06-09 14:44:21'),
('user30', '廖珮綺', 'UY!p26Lm', 'user30@example.com', '0913778899', '600 嘉義縣布袋鎮東安路77號', 1, '2025-05-14 12:22:54');


INSERT INTO manager (manager_email, manager_account, manager_password, manager_name, create_date)
VALUES
('alice.manager@example.com', 'alice_mgr', 'alicePass123', 'Alice Chen', NOW()),
('bob.admin@example.com', 'bob_admin', 'bobSecure456', 'Bob Lin', NOW()),
('carol.staff@example.com', 'carol_staff', 'carolPwd789', 'Carol Wang', NOW()),
('david.hr@example.com', 'david_hr', 'davidPass321', 'David Wu', NOW()),
('eve.ops@example.com', 'eve_ops', 'eveSafe654', 'Eve Tsai', NOW());



INSERT INTO tagsdb (tags_name, create_time)
VALUES
('Mountain', '2025-04-04 03:20:20'),
('Beach', '2025-04-21 05:21:48'),
('Historic Site', '2025-04-18 16:26:52'),
('Temple', '2025-01-09 07:12:07'),
('Amusement Park', '2025-06-02 17:21:05'),
('Night Market', '2025-03-20 18:21:35'),
('Nature Trail', '2025-02-18 00:19:40'),
('Hot Spring', '2025-05-30 08:57:58'),
('Cultural Village', '2025-06-11 14:01:54'),
('Scenic Viewpoint', '2025-03-08 18:50:07'),
('Lake', '2025-04-26 16:48:17'),
('River', '2025-06-03 06:56:34'),
('Forest', '2025-02-08 02:35:28'),
('National Park', '2025-03-16 21:25:54'),
('Skywalk', '2025-06-07 01:40:37'),
('Botanical Garden', '2025-01-13 20:40:53'),
('Zoo', '2025-02-06 14:17:15'),
('Aquarium', '2025-03-02 14:25:48'),
('Museum', '2025-05-25 07:45:31'),
('Art Gallery', '2025-01-25 06:17:23'),
('Sunset Spot', '2025-05-07 04:26:49'),
('Island', '2025-02-20 08:14:36'),
('Farm', '2025-04-15 06:28:04'),
('Traditional Town', '2025-02-18 22:03:21'),
('Castle', '2025-04-30 01:22:31'),
('Bridge', '2025-04-26 08:37:42'),
('Cave', '2025-04-29 10:02:01'),
('Lighthouse', '2025-03-19 06:47:43'),
('Waterfall', '2025-05-12 12:46:03'),
('Shopping District', '2025-06-09 17:05:07');

INSERT INTO travel_plan (travel_title, travel_plan_banner, travel_plan_description)
VALUES
('台灣南部探險', NULL, '探索高雄、屏東與墾丁的自然與文化景點'),
('文化古蹟巡禮', NULL, '參訪台灣歷史建築與文化遺跡，體驗古今交錯'),
('海濱放鬆假期', NULL, '前往台東與花蓮海岸，享受海風與美食'),
('山林小旅行', NULL, '深度旅遊阿里山，欣賞雲海與櫻花'),
('親子動物之旅', NULL, '安排適合親子的動物園與生態園區行程'),
('藝術人文探索', NULL, '參觀美術館、藝文展覽與街頭創作'),
('賞花之旅', NULL, '春天花季限定賞櫻、鬱金香與油桐花路線'),
('美食探索行', NULL, '品味全台著名小吃與在地風味料理'),
('歷史文化融合行', NULL, '北中南三地串連的文化體驗行程'),
('森林深呼吸', NULL, '深入森林步道，體驗芬多精與鳥語花香'),
('城市夜景拍攝行', NULL, '收錄台北、高雄、台中等城市夜景精華'),
('自行車輕旅', NULL, '沿著淡水河、花東縱谷騎乘自行車之旅'),
('田園小確幸', NULL, '走訪宜蘭與苗栗的農村與有機農場'),
('夜市饗宴行程', NULL, '安排多個夜市巡禮，享受庶民美食'),
('高山湖泊巡禮', NULL, '探訪日月潭、嘉明湖等自然水景'),
('特色民宿體驗', NULL, '入住具有在地特色的民宿並與主人互動'),
('星空觀察之旅', NULL, '夜宿合歡山或阿里山觀星、觀銀河'),
('秘境瀑布行', NULL, '探訪未被觀光團染指的自然瀑布秘境'),
('農場親子遊', NULL, '結合動物互動、農耕體驗與DIY活動'),
('水上活動假期', NULL, '浮潛、划SUP、衝浪與水上腳踏車應有盡有'),
('原住民部落文化', NULL, '深入了解排灣族、阿美族等原民部落文化'),
('古城巡禮', NULL, '基隆、鹿港、台南等地的老街與古蹟之旅'),
('慢活鄉村風', NULL, '擁抱山城慢步調，品味手作與咖啡香'),
('鐵道小旅行', NULL, '搭乘平溪線、阿里山森林鐵道體驗懷舊風'),
('節慶限定活動', NULL, '配合燈會、花燈展與當地節慶活動'),
('燈會觀賞之旅', NULL, '一年一度的台灣燈會與地方小型花燈展'),
('夏日音樂祭行程', NULL, '結合大港開唱、海洋音樂祭的青春行程'),
('宗教朝聖行', NULL, '參拜大甲媽祖、北港朝天宮等香火鼎盛寺廟'),
('古鎮藝文生活', NULL, '慢遊三峽、老梅、鹿港等古鎮文青散步路線'),
('溫泉紓壓假期', NULL, '泡湯、按摩、山景住宿一次滿足身心靈');


INSERT INTO travel_plan_day (travel_plan_id, scenery_id, travel_day_num, travel_seq_num, travel_time)
VALUES
(101, 5, 1, 1, '2025-07-01 08:00:00'),
(101, 8, 1, 2, '2025-07-02 09:30:00'),
(101, 3, 1, 3, '2025-07-03 10:00:00'),
(101, 10, 2, 1, '2025-07-04 09:00:00'),
(104, 2, 1, 1, '2025-07-05 08:30:00'),
(105, 6, 1, 1, '2025-07-06 09:00:00'),
(106, 9, 1, 1, '2025-07-07 10:15:00'),
(107, 1, 1, 1, '2025-07-08 07:45:00'),
(108, 12, 1, 1, '2025-07-09 08:00:00'),
(109, 15, 1, 1, '2025-07-10 08:20:00'),
(110, 18, 1, 1, '2025-07-11 09:00:00'),
(111, 21, 1, 1, '2025-07-12 10:00:00'),
(112, 24, 1, 1, '2025-07-13 09:30:00'),
(113, 27, 1, 1, '2025-07-14 08:45:00'),
(114, 30, 1, 1, '2025-07-15 09:00:00'),
(115, 17, 1, 1, '2025-07-16 08:30:00'),
(116, 13, 1, 1, '2025-07-17 08:15:00'),
(117, 4, 1, 1, '2025-07-18 09:45:00'),
(118, 7, 1, 1, '2025-07-19 10:00:00'),
(119, 11, 1, 1, '2025-07-20 09:00:00'),
(120, 14, 1, 1, '2025-07-21 10:00:00'),
(121, 16, 1, 1, '2025-07-22 09:30:00'),
(122, 19, 1, 1, '2025-07-23 08:50:00'),
(123, 20, 1, 1, '2025-07-24 08:30:00'),
(124, 22, 1, 1, '2025-07-25 09:20:00'),
(125, 23, 1, 1, '2025-07-26 10:00:00'),
(126, 25, 1, 1, '2025-07-27 08:40:00'),
(127, 26, 1, 1, '2025-07-28 09:15:00'),
(128, 28, 1, 1, '2025-07-29 09:30:00'),
(129, 29, 1, 1, '2025-07-30 10:00:00');



INSERT INTO travel_itinerary (travel_plan_id, max_tourist, total_price, published_date, last_modified_date, travel_start_date, travel_end_date)
VALUES
(100, 20, 3000, '2025-06-01 10:00:00', '2025-06-01 10:00:00', '2025-07-01 08:00:00', '2025-07-02 18:00:00'),
(101, 15, 4500, '2025-06-02 11:00:00', '2025-06-02 11:00:00', '2025-08-05 08:00:00', '2025-08-10 18:00:00'),
(102, 10, 2500, '2025-06-03 09:00:00', '2025-06-03 09:00:00', '2025-09-12 08:00:00', '2025-09-14 18:00:00'),
(103, 25, 5200, '2025-06-04 13:30:00', '2025-06-04 13:30:00', '2025-07-15 08:00:00', '2025-07-20 18:00:00'),
(104, 30, 6000, '2025-06-05 10:45:00', '2025-06-05 10:45:00', '2025-08-20 08:00:00', '2025-08-25 18:00:00'),
(105, 12, 2800, '2025-06-06 09:15:00', '2025-06-06 09:15:00', '2025-07-10 08:00:00', '2025-07-12 18:00:00'),
(106, 18, 4200, '2025-06-07 14:00:00', '2025-06-07 14:00:00', '2025-08-15 08:00:00', '2025-08-18 18:00:00'),
(107, 22, 4800, '2025-06-08 10:20:00', '2025-06-08 10:20:00', '2025-09-01 08:00:00', '2025-09-05 18:00:00'),
(108, 16, 3500, '2025-06-09 11:10:00', '2025-06-09 11:10:00', '2025-07-22 08:00:00', '2025-07-25 18:00:00'),
(109, 14, 3100, '2025-06-10 09:50:00', '2025-06-10 09:50:00', '2025-08-12 08:00:00', '2025-08-15 18:00:00'),
(110, 20, 4000, '2025-06-11 10:30:00', '2025-06-11 10:30:00', '2025-09-10 08:00:00', '2025-09-14 18:00:00'),
(111, 25, 5500, '2025-06-12 12:00:00', '2025-06-12 12:00:00', '2025-07-05 08:00:00', '2025-07-10 18:00:00'),
(112, 30, 6200, '2025-06-13 14:45:00', '2025-06-13 14:45:00', '2025-08-25 08:00:00', '2025-08-30 18:00:00'),
(113, 10, 2800, '2025-06-14 09:35:00', '2025-06-14 09:35:00', '2025-07-18 08:00:00', '2025-07-20 18:00:00'),
(114, 18, 4100, '2025-06-15 11:15:00', '2025-06-15 11:15:00', '2025-08-10 08:00:00', '2025-08-13 18:00:00'),
(115, 22, 4700, '2025-06-16 10:05:00', '2025-06-16 10:05:00', '2025-09-03 08:00:00', '2025-09-07 18:00:00'),
(116, 16, 3400, '2025-06-17 09:25:00', '2025-06-17 09:25:00', '2025-07-24 08:00:00', '2025-07-27 18:00:00'),
(117, 14, 3000, '2025-06-18 13:40:00', '2025-06-18 13:40:00', '2025-08-14 08:00:00', '2025-08-17 18:00:00'),
(118, 20, 3900, '2025-06-19 10:55:00', '2025-06-19 10:55:00', '2025-09-12 08:00:00', '2025-09-16 18:00:00'),
(119, 25, 5400, '2025-06-20 12:20:00', '2025-06-20 12:20:00', '2025-07-08 08:00:00', '2025-07-13 18:00:00'),
(120, 30, 6100, '2025-06-21 11:30:00', '2025-06-21 11:30:00', '2025-08-28 08:00:00', '2025-09-02 18:00:00'),
(121, 10, 2700, '2025-06-22 10:10:00', '2025-06-22 10:10:00', '2025-07-20 08:00:00', '2025-07-22 18:00:00'),
(122, 18, 4000, '2025-06-23 09:00:00', '2025-06-23 09:00:00', '2025-08-12 08:00:00', '2025-08-15 18:00:00'),
(123, 22, 4600, '2025-06-24 13:25:00', '2025-06-24 13:25:00', '2025-09-05 08:00:00', '2025-09-09 18:00:00'),
(124, 16, 3300, '2025-06-25 14:15:00', '2025-06-25 14:15:00', '2025-07-26 08:00:00', '2025-07-29 18:00:00'),
(125, 14, 2900, '2025-06-26 10:50:00', '2025-06-26 10:50:00', '2025-08-16 08:00:00', '2025-08-19 18:00:00'),
(126, 20, 3800, '2025-06-27 09:40:00', '2025-06-27 09:40:00', '2025-09-15 08:00:00', '2025-09-19 18:00:00'),
(127, 25, 5300, '2025-06-28 11:50:00', '2025-06-28 11:50:00', '2025-07-11 08:00:00', '2025-07-16 18:00:00'),
(128, 30, 6000, '2025-06-29 12:35:00', '2025-06-29 12:35:00', '2025-08-30 08:00:00', '2025-09-04 18:00:00'),
(129, 10, 2600, '2025-06-30 10:20:00', '2025-06-30 10:20:00', '2025-07-22 08:00:00', '2025-07-24 18:00:00');



INSERT INTO ticket (ticket_stock, ticket_price, ticket_name, ticket_description)
VALUES
(50, 500.00, '阿里山門票', '包含來回接駁與入園費'),
(30, 750.00, '日月潭船票', '遊湖行程套票'),
(100, 250.00, '101觀景台票', '進入台北101觀景台'),
(60, 600.00, '九份老街導覽票', '含導覽與小吃折扣'),
(80, 450.00, '淡水夕陽遊船票', '夕陽遊船加飲品'),
(40, 700.00, '宜蘭綠色博覽會門票', '博覽會入場券'),
(55, 520.00, '花蓮太魯閣國家公園門票', '包含公園入口費'),
(70, 400.00, '高雄愛河遊船票', '愛河夜遊套票'),
(45, 350.00, '台南安平古堡門票', '歷史古蹟參觀'),
(90, 480.00, '新竹動物園門票', '包含導覽手冊'),
(100, 300.00, '嘉義文化公園門票', '文化活動入場券'),
(65, 520.00, '澎湖海洋館門票', '含互動展區'),
(75, 610.00, '屏東國立海洋生物博物館', '博物館入場券'),
(55, 560.00, '台東熱氣球嘉年華票', '包含熱氣球體驗'),
(80, 480.00, '苗栗薰衣草森林門票', '園區參觀'),
(60, 450.00, '桃園大溪老街導覽票', '導覽及美食券'),
(50, 530.00, '基隆夜市美食票', '夜市折扣券'),
(85, 470.00, '宜蘭羅東運動公園門票', '運動設施使用'),
(90, 390.00, '台中科博館門票', '科學博物館入場'),
(70, 430.00, '彰化八卦山門票', '風景區入場券'),
(40, 550.00, '南投日月潭纜車票', '纜車來回票'),
(65, 600.00, '雲林古坑咖啡莊園票', '咖啡體驗活動'),
(55, 520.00, '花蓮賞鯨船票', '賞鯨行程套票'),
(75, 490.00, '新北平溪天燈體驗票', '天燈放飛套票'),
(50, 470.00, '台南奇美博物館門票', '博物館入場'),
(80, 430.00, '屏東墾丁國家公園門票', '國家公園入場'),
(90, 510.00, '高雄壽山動物園票', '動物園入場'),
(60, 440.00, '基隆和平島公園門票', '公園入場券'),
(70, 560.00, '台北故宮博物院票', '含語音導覽'),
(50, 580.00, '台中彩虹眷村門票', '文化體驗'),
(65, 470.00, '嘉義阿里山鐵路票', '阿里山觀光火車票');


INSERT INTO ticket_order (member_id, order_price, order_status, order_datetime, manager_id)
VALUES
(1, 1500.00, 1, '2025-06-01 10:00:00', NULL),
(1, 750.00, 0, '2025-06-02 11:00:00', NULL),
(1, 3000.00, 1, '2025-06-03 12:30:00', NULL),
(4, 2400.00, 2, '2025-06-04 09:45:00', NULL),
(5, 1800.00, 1, '2025-06-05 15:20:00', NULL),
(6, 2700.00, 1, '2025-06-06 10:40:00', NULL),
(7, 2100.00, 0, '2025-06-07 14:00:00', NULL),
(8, 1350.00, 1, '2025-06-08 16:30:00', NULL),
(9, 1900.00, 1, '2025-06-09 13:15:00', NULL),
(10, 1600.00, 0, '2025-06-10 11:10:00', NULL),
(11, 2200.00, 1, '2025-06-11 12:25:00', NULL),
(12, 1700.00, 1, '2025-06-12 10:05:00', NULL),
(13, 1550.00, 2, '2025-06-13 14:45:00', NULL),
(14, 2600.00, 1, '2025-06-14 09:30:00', NULL),
(15, 2400.00, 0, '2025-06-15 16:10:00', NULL),
(16, 2100.00, 1, '2025-06-16 11:50:00', NULL),
(17, 1950.00, 1, '2025-06-17 10:20:00', NULL),
(18, 2300.00, 0, '2025-06-18 14:35:00', NULL),
(19, 1700.00, 1, '2025-06-19 15:55:00', NULL),
(20, 2500.00, 1, '2025-06-20 13:45:00', NULL),
(21, 1900.00, 0, '2025-06-21 09:40:00', NULL),
(22, 2200.00, 1, '2025-06-22 10:15:00', NULL),
(23, 2300.00, 1, '2025-06-23 12:00:00', NULL),
(24, 1600.00, 0, '2025-06-24 11:35:00', NULL),
(25, 1400.00, 1, '2025-06-25 14:20:00', NULL),
(26, 2700.00, 1, '2025-06-26 16:10:00', NULL),
(27, 2000.00, 0, '2025-06-27 15:05:00', NULL),
(28, 2250.00, 1, '2025-06-28 10:30:00', NULL),
(29, 1850.00, 1, '2025-06-29 09:55:00', NULL),
(30, 2100.00, 0, '2025-06-30 11:15:00', NULL);



INSERT INTO ticket_list (ticket_order_id, ticket_id, ticket_count)
VALUES
(1, 1, 3),
(1, 2, 2),
(2, 3, 4),
(2, 4, 1),
(2, 5, 2),
(3, 6, 5),
(3, 7, 1),
(3, 8, 3),
(4, 9, 2),
(4, 10, 4),
(5, 11, 1),
(5, 12, 2),
(5, 13, 3),
(5, 14, 5),
(6, 15, 2),
(6, 16, 1),
(6, 17, 4),
(7, 18, 2),
(7, 19, 3),
(8, 20, 1),
(8, 21, 2),
(8, 22, 5),
(9, 23, 1),
(9, 24, 3),
(9, 25, 2),
(10, 26, 4),
(11, 27, 1),
(12, 28, 2),
(13, 29, 3),
(14, 30, 1);



INSERT INTO scenery_score (member_id, score, scenery_id, sce_comment, create_time)
VALUES
(1, 5, 1, '超美的景點，下次還會再來！', NOW()),
(2, 4, 2, '人有點多，但景色很棒。', NOW()),
(3, 3, 3, '還不錯，適合散步。', NOW()),
(4, 5, 4, '風景令人驚豔！', NOW()),
(5, 2, 5, '設施需要維護。', NOW()),
(6, 4, 6, '適合親子出遊。', NOW()),
(7, 5, 7, '很有歷史文化氣息。', NOW()),
(8, 3, 8, '一般般，下雨天來不太方便。', NOW()),
(9, 5, 9, '夜景超讚！', NOW()),
(10, 4, 10, '值得一來。', NOW()),
(11, 4, 11, '滿不錯的體驗。', NOW()),
(12, 3, 12, '天氣不好影響體驗。', NOW()),
(13, 5, 13, '超推薦！', NOW()),
(14, 4, 14, '風景很好，空氣清新。', NOW()),
(15, 2, 15, '蚊子太多...', NOW()),
(16, 5, 16, '真的太美了。', NOW()),
(17, 4, 17, '值得推薦的景點。', NOW()),
(18, 3, 18, '還可以，不過沒特別驚喜。', NOW()),
(19, 4, 19, '景色很棒但服務不太好。', NOW()),
(20, 5, 20, '太讚了！會推薦朋友。', NOW()),
(21, 3, 21, '人潮有點擠。', NOW()),
(22, 4, 22, '整體很不錯。', NOW()),
(23, 5, 23, '完美的一天！', NOW()),
(24, 4, 24, '導覽人員很親切。', NOW()),
(25, 3, 25, '交通有點不方便。', NOW()),
(26, 4, 26, '很放鬆的地方。', NOW()),
(27, 5, 27, '令人驚艷的自然美景。', NOW()),
(28, 2, 28, '建議加強清潔。', NOW()),
(29, 5, 29, 'CP值很高的景點！', NOW()),
(30, 4, 30, '值得再訪一次。', NOW());


INSERT INTO favorite_scenery (member_id, scenery_id, create_time)
VALUES
(1, 2, NOW()),
(2, 4, NOW()),
(3, 1, NOW()),
(4, 5, NOW()),
(5, 3, NOW()),
(6, 6, NOW()),
(7, 8, NOW()),
(8, 7, NOW()),
(9, 9, NOW()),
(10, 11, NOW()),
(11, 10, NOW()),
(12, 12, NOW()),
(13, 14, NOW()),
(14, 13, NOW()),
(15, 15, NOW()),
(16, 17, NOW()),
(17, 16, NOW()),
(18, 18, NOW()),
(19, 20, NOW()),
(20, 19, NOW()),
(21, 22, NOW()),
(22, 21, NOW()),
(23, 24, NOW()),
(24, 23, NOW()),
(25, 25, NOW()),
(26, 27, NOW()),
(27, 26, NOW()),
(28, 28, NOW()),
(29, 29, NOW()),
(30, 30, NOW());


INSERT INTO favorite_tour (member_id, travel_plan_id, create_time)
VALUES
(1, 100, NOW()),
(2, 101, NOW()),
(3, 102, NOW()),
(4, 103, NOW()),
(5, 104, NOW()),
(6, 105, NOW()),
(7, 106, NOW()),
(8, 107, NOW()),
(9, 108, NOW()),
(10, 109, NOW()),
(11, 110, NOW()),
(12, 111, NOW()),
(13, 112, NOW()),
(14, 113, NOW()),
(15, 114, NOW()),
(16, 115, NOW()),
(17, 116, NOW()),
(18, 117, NOW()),
(19, 118, NOW()),
(20, 119, NOW()),
(21, 120, NOW()),
(22, 121, NOW()),
(23, 122, NOW()),
(24, 123, NOW()),
(25, 124, NOW()),
(26, 125, NOW()),
(27, 126, NOW()),
(28, 127, NOW()),
(29, 128, NOW()),
(30, 129, NOW());


INSERT INTO coupon (coupon_key, coupon_amount, coupon_start_date, coupon_end_date, travel_plan_id)
VALUES
('TRAVEL100', 100, '2025-06-01 00:00:00', '2025-08-01 23:59:59', 100),
('SAVE50', 50, '2025-06-10 00:00:00', '2025-09-10 23:59:59', 101),
('JULY25', 25, '2025-07-01 00:00:00', '2025-08-15 23:59:59', 102),
('ADVENTURE10', 10, '2025-07-05 00:00:00', '2025-09-01 23:59:59', 103),
('EXPLORE20', 20, '2025-06-15 00:00:00', '2025-09-30 23:59:59', 104),
('HOTDEAL150', 150, '2025-07-01 00:00:00', '2025-08-31 23:59:59', 105),
('SUMMER99', 99, '2025-06-20 00:00:00', '2025-08-20 23:59:59', 106),
('COUPON88', 88, '2025-07-10 00:00:00', '2025-10-01 23:59:59', 107),
('BONUS70', 70, '2025-06-25 00:00:00', '2025-09-15 23:59:59', 108),
('SAVER30', 30, '2025-07-01 00:00:00', '2025-08-10 23:59:59', 109),
('HELLO60', 60, '2025-07-03 00:00:00', '2025-09-03 23:59:59', 110),
('ESCAPE40', 40, '2025-07-15 00:00:00', '2025-10-15 23:59:59', 111),
('FREEENTRY', 80, '2025-06-28 00:00:00', '2025-08-28 23:59:59', 112),
('JOURNEY20', 20, '2025-07-07 00:00:00', '2025-08-07 23:59:59', 113),
('DISCOUNT15', 15, '2025-07-10 00:00:00', '2025-09-10 23:59:59', 114),
('ROADTRIP50', 50, '2025-06-18 00:00:00', '2025-08-18 23:59:59', 115),
('VENTURE99', 99, '2025-07-02 00:00:00', '2025-09-02 23:59:59', 116),
('WEEKEND60', 60, '2025-07-12 00:00:00', '2025-09-12 23:59:59', 117),
('NATURE35', 35, '2025-06-30 00:00:00', '2025-09-30 23:59:59', 118),
('ISLAND25', 25, '2025-07-20 00:00:00', '2025-09-20 23:59:59', 119),
('FAMILY80', 80, '2025-07-01 00:00:00', '2025-08-31 23:59:59', 120),
('TRAVELBUD10', 10, '2025-06-14 00:00:00', '2025-08-14 23:59:59', 121),
('CHILL40', 40, '2025-06-27 00:00:00', '2025-09-27 23:59:59', 122),
('JULYPASS50', 50, '2025-07-01 00:00:00', '2025-08-01 23:59:59', 123),
('DISCOUNT35', 35, '2025-06-22 00:00:00', '2025-08-22 23:59:59', 124),
('GETAWAY75', 75, '2025-07-03 00:00:00', '2025-09-03 23:59:59', 125),
('VACAY60', 60, '2025-07-06 00:00:00', '2025-09-06 23:59:59', 126),
('WANDER50', 50, '2025-06-19 00:00:00', '2025-08-19 23:59:59', 127),
('RIVERCRUISE30', 30, '2025-07-04 00:00:00', '2025-09-04 23:59:59', 128),
('TRAVELPASS90', 90, '2025-07-08 00:00:00', '2025-10-08 23:59:59', 129);




INSERT INTO tour_order (member_id, travel_itinerary_id, tour_price, total_amount, tour_order_status, coupon_id, total_after_coupon, manager_id, create_time)
VALUES
(1, 1, 3000, 3000, 1, 1, 2900, NULL, '2025-06-15 10:00:00'),
(2, 2, 4500, 4500, 1, 2, 4450, NULL, '2025-06-14 09:30:00'),
(3, 3, 2500, 2500, 0, 3, 2480, NULL, '2025-06-13 14:20:00'),
(4, 4, 3200, 3200, 1, 4, 3100, NULL, '2025-06-12 11:45:00'),
(5, 5, 2700, 2700, 2, NULL, 2700, NULL, '2025-06-11 13:00:00'),
(6, 6, 3800, 3800, 1, 5, 3700, NULL, '2025-06-10 15:15:00'),
(7, 7, 2600, 2600, 0, NULL, 2600, NULL, '2025-06-09 16:50:00'),
(8, 8, 3100, 3100, 1, 6, 3000, NULL, '2025-06-08 12:40:00'),
(9, 9, 2800, 2800, 2, NULL, 2800, NULL, '2025-06-07 14:00:00'),
(10, 10, 2900, 2900, 1, 7, 2850, NULL, '2025-06-06 09:20:00'),
(1, 11, 3300, 3300, 0, 8, 3200, NULL, '2025-06-05 10:30:00'),
(2, 12, 3500, 3500, 1, NULL, 3500, NULL, '2025-06-04 11:15:00'),
(3, 13, 3600, 3600, 2, 9, 3550, NULL, '2025-06-03 15:45:00'),
(4, 14, 3400, 3400, 1, NULL, 3400, NULL, '2025-06-02 10:00:00'),
(5, 15, 3700, 3700, 1, 10, 3600, NULL, '2025-06-01 14:10:00'),
(6, 16, 3100, 3100, 0, NULL, 3100, NULL, '2025-05-31 09:50:00'),
(7, 17, 3000, 3000, 1, 1, 2900, NULL, '2025-05-30 12:30:00'),
(8, 18, 2800, 2800, 2, NULL, 2800, NULL, '2025-05-29 13:40:00'),
(9, 19, 2900, 2900, 1, 2, 2850, NULL, '2025-05-28 11:00:00'),
(10, 20, 2700, 2700, 0, NULL, 2700, NULL, '2025-05-27 16:10:00'),
(1, 21, 3500, 3500, 1, 3, 3450, 3, '2025-05-26 10:45:00'),
(2, 22, 3600, 3600, 1, NULL, 3600, NULL, '2025-05-25 15:55:00'),
(3, 23, 3200, 3200, 2, 4, 3150, NULL, '2025-05-24 09:35:00'),
(4, 24, 3400, 3400, 1, NULL, 3400, NULL, '2025-05-23 14:05:00'),
(5, 25, 3300, 3300, 0, 5, 3200, NULL, '2025-05-22 13:15:00'),
(6, 26, 3100, 3100, 1, NULL, 3100, NULL, '2025-05-21 12:25:00'),
(7, 27, 3000, 3000, 2, 6, 2900, NULL, '2025-05-20 11:55:00'),
(8, 28, 3500, 3500, 1, NULL, 3500, NULL, '2025-05-19 10:05:00'),
(9, 29, 3600, 3600, 0, 7, 3550, NULL, '2025-05-18 09:15:00'),
(10, 30, 3200, 3200, 1, NULL, 3200, NULL, '2025-05-17 16:45:00');


INSERT INTO tourist_id (tour_order_id, tourist_name, tourist_personal_id, contact_number)
VALUES
(1, '王小明', 'A123456789', '0911222333'),
(1, '陳美麗', 'B987654321', '0922333444'),
(2, '李大仁', 'C192837465', '0933444555'),
(3, '張小華', 'D564738291', '0944556677'),
(4, '林佳蓉', 'E837261945', '0955667788'),
(5, '黃志強', 'F918273645', '0966778899'),
(6, '蔡佩君', 'G182736459', '0977889900'),
(7, '鄭文賢', 'H273645918', '0988990011'),
(8, '曾美玲', 'I374659182', '0999001122'),
(9, '許志明', 'J465918273', '0911223344'),
(10, '洪麗華', 'K918273645', '0922334455'),
(11, '吳建宏', 'L182736459', '0933445566'),
(12, '徐怡君', 'M273645918', '0944556677'),
(13, '鍾志豪', 'N374659182', '0955667788'),
(14, '蘇美珍', 'O465918273', '0966778899'),
(15, '廖俊傑', 'P918273645', '0977889900'),
(16, '葉佳玲', 'Q182736459', '0988990011'),
(17, '范文賢', 'R273645918', '0999001122'),
(18, '簡美玲', 'S374659182', '0911223344'),
(19, '鄒志明', 'T465918273', '0922334455'),
(20, '蕭麗華', 'U918273645', '0933445566'),
(21, '馮建宏', 'V182736459', '0944556677'),
(22, '陳怡君', 'W273645918', '0955667788'),
(23, '魏志豪', 'X374659182', '0966778899'),
(24, '夏美珍', 'Y465918273', '0977889900'),
(25, '游俊傑', 'Z918273645', '0988990011'),
(26, '方佳玲', 'A182736459', '0999001122'),
(27, '賴文賢', 'B273645918', '0911223344'),
(28, '莊美玲', 'C374659182', '0922334455'),
(29, '蘇志明', 'D465918273', '0933445566'),
(30, '曾麗華', 'E918273645', '0944556677');


INSERT INTO ticket_order_receipt (ticket_order_id, ticket_id, ticket_count, create_time)
VALUES
(1, 1, 3, '2025-06-01 10:05:00'),
(1, 3, 1, '2025-06-01 10:05:00'),
(2, 2, 1, '2025-06-02 11:05:00'),
(3, 4, 4, '2025-06-03 12:40:00'),
(4, 5, 2, '2025-06-04 09:50:00'),
(5, 6, 3, '2025-06-05 15:25:00'),
(6, 7, 2, '2025-06-06 10:45:00'),
(7, 8, 3, '2025-06-07 14:10:00'),
(8, 9, 1, '2025-06-08 16:40:00'),
(9, 10, 2, '2025-06-09 13:20:00'),
(10, 11, 1, '2025-06-10 11:15:00'),
(11, 12, 4, '2025-06-11 12:30:00'),
(12, 13, 2, '2025-06-12 10:10:00'),
(13, 14, 3, '2025-06-13 14:50:00'),
(14, 15, 2, '2025-06-14 09:35:00'),
(15, 16, 3, '2025-06-15 16:15:00'),
(16, 17, 2, '2025-06-16 11:55:00'),
(17, 18, 1, '2025-06-17 10:25:00'),
(18, 19, 3, '2025-06-18 14:40:00'),
(19, 20, 2, '2025-06-19 16:00:00'),
(20, 21, 3, '2025-06-20 13:50:00'),
(21, 22, 2, '2025-06-21 09:45:00'),
(22, 23, 1, '2025-06-22 10:20:00'),
(23, 24, 3, '2025-06-23 12:05:00'),
(24, 25, 2, '2025-06-24 11:40:00'),
(25, 26, 1, '2025-06-25 14:25:00'),
(26, 27, 3, '2025-06-26 16:15:00'),
(27, 28, 2, '2025-06-27 15:10:00'),
(28, 29, 1, '2025-06-28 10:35:00'),
(29, 30, 3, '2025-06-29 10:00:00'),
(30, 1, 2, '2025-06-30 11:20:00');